{
  "cpu_name": "AMD Ryzen 7 3700X",
  "cup_name": "AMD Ryzen 7 3700X",
  "cpu_cores_os_cpu_count": 16,
  "platform": {
    "system": "Windows",
    "release": "10",
    "machine": "AMD64",
    "python_version": "3.12.1"
  },
  "paths": {
    "zip_path": null,
    "extract_to": "C:\\Users\\Philo",
    "raw_dir": "C:\\Users\\Philo\\raw_documents",
    "out_dir_base": "C:\\Users\\Philo\\texts",
    "results_json": "C:\\Users\\Philo\\results.json"
  },
  "config": {
    "mode": "both",
    "skip_existing": false,
    "workers": 16,
    "limit": 0,
    "errors_sample": 10
  },
  "pdf_count": 500,
  "results": {
    "single": {
      "n_total": 500,
      "n_ok": 500,
      "n_err": 0,
      "n_skipped": 0,
      "n_processed": 500,
      "total_time_sec": 17.755357299931347,
      "mean_time_sec_ok": 0.035498607606394214,
      "median_time_sec_ok": 0.01958905003266409,
      "mean_time_sec_processed": 0.035498607606394214,
      "median_time_sec_processed": 0.01958905003266409,
      "errors_sample": [],
      "pdfs_per_sec_ok": 28.160514686005968,
      "pdfs_per_sec_processed": 28.160514686005968
    },
    "process": {
      "n_total": 500,
      "n_ok": 500,
      "n_err": 0,
      "n_skipped": 0,
      "n_processed": 500,
      "total_time_sec": 2.7312514000805095,
      "mean_time_sec_ok": 0.05992877979995683,
      "median_time_sec_ok": 0.03729705000296235,
      "mean_time_sec_processed": 0.05992877979995683,
      "median_time_sec_processed": 0.03729705000296235,
      "errors_sample": [],
      "pdfs_per_sec_ok": 183.06626771349625,
      "pdfs_per_sec_processed": 183.06626771349625,
      "max_workers": 16
    },
    "comparison": {
      "single_total_sec": 17.755357299931347,
      "process_total_sec": 2.7312514000805095,
      "speedup_percent": 84.6173109673717,
      "time_ratio_single_over_process": 6.500813985636024
    }
  }
}